<?xml version="1.0" encoding="utf-8"?>
<playerkinds>
<player open="1" sort="0" postfix="jiexi" flag="解析播放" des=""><intro>无需安装任何插件，即可快速播放</intro></player>
<player open="1" sort="0" postfix="jplayer" flag="音频播放" des=""><intro>无需安装任何插件，即可快速播放</intro></player>
<player open="1" sort="0" postfix="yunpan" flag="网盘下载" des=""><intro>网盘下载链接，如有密码用 , 隔开</intro></player>
<player open="1" sort="0" postfix="dp" flag="Dplayer" des=""><intro>无需安装任何插件，即可快速播放</intro></player>
<player open="1" sort="0" postfix="ck" flag="CKplayer" des=""><intro>无需安装任何插件，即可快速播放</intro></player>
<player open="1" sort="0" postfix="url" flag="网页跳转" des=""><intro>跳转到第三方视频网站，站外播放</intro></player>
<player open="1" sort="0" postfix="iframe" flag="框架包含" des=""><intro>引入外部播放地址直接播放</intro></player>
<player open="1" sort="0" postfix="youku" flag="优酷视频" des=""><intro>无需安装任何插件，即可快速播放</intro></player>
<player open="1" sort="0" postfix="sohu" flag="搜狐视频" des=""><intro>无需安装任何插件，即可快速播放</intro></player>
<player open="1" sort="0" postfix="qiyi" flag="奇艺视频" des=""><intro>无需安装任何插件，即可快速播放</intro></player>
<player open="1" sort="0" postfix="letv" flag="乐视视频" des=""><intro>无需安装任何插件，即可快速播放</intro></player>
<player open="1" sort="0" postfix="pptv" flag="PPTV视频" des=""><intro>无需安装任何插件，即可快速播放</intro></player>
<player open="1" sort="0" postfix="qq" flag="腾讯视频" des=""><intro>无需安装任何插件，即可快速播放</intro></player>
<player open="1" sort="0" postfix="sina" flag="新浪视频" des=""><intro>无需安装任何插件，即可快速播放</intro></player>
<player open="1" sort="0" postfix="funshion" flag="风行影音" des=""><intro>无需安装任何插件，即可快速播放</intro></player>
<player open="1" sort="0" postfix="cntv" flag="央视视频" des=""><intro>无需安装任何插件，即可快速播放</intro></player>
<player open="1" sort="0" postfix="mgtv" flag="芒果视频" des=""><intro>无需安装任何插件，即可快速播放</intro></player>
<player open="1" sort="0" postfix="kankan" flag="迅雷看看" des=""><intro>无需安装任何插件，即可快速播放</intro></player>
<player open="1" sort="0" postfix="swf" flag="swf在线" des=""><intro>无需安装任何插件，即可快速播放</intro></player>
<player open="1" sort="0" postfix="pps" flag="pps视频" des=""><intro>无需安装任何插件，即可快速播放</intro></player>
<player open="1" sort="0" postfix="acfun" flag="ACfun视频" des=""><intro>无需安装任何插件，即可快速播放</intro></player>
<player open="1" sort="0" postfix="bili" flag="哔哩哔哩" des=""><intro>无需安装任何插件，即可快速播放</intro></player>
</playerkinds>